"player_name","club_name","goals","assists","player_group"
"Bukayo Saka","Arsenal","16","9","Current player"
"Leandro Trossard","Arsenal","12","1","Current player"
"Martin Ødegaard","Arsenal","8","10","Current player"
"Gabriel Martinelli","Arsenal","6","4","Current player"
"Eddie Nketiah","Arsenal","5","2","Current player"
"Gabriel Jesus","Arsenal","4","5","Current player"
"Ben White","Arsenal","4","4","Current player"
"Gabriel Magalhães","Arsenal","4","0","Current player"
"Takehiro Tomiyasu","Arsenal","2","1","Current player"
"William Saliba","Arsenal","2","1","Current player"
"Jakub Kiwior","Arsenal","1","3","Current player"
"Oleksandr Zinchenko","Arsenal","1","2","Current player"
"Fábio Vieira","Arsenal","1","2","Current player"
"Emile Smith Rowe","Arsenal","0","2","Current player"
"Jorginho","Arsenal","0","2","Current player"
"Cédric Soares","Arsenal","0","0","Current player"
"Aaron Ramsdale","Arsenal","0","0","Current player"
"Reiss Nelson","Arsenal","0","0","Current player"
"Mohamed Elneny","Arsenal","0","0","Current player"
"Thomas Partey","Arsenal","0","0","Current player"
"Kai Havertz","Arsenal","13","7","New player"
"Declan Rice","Arsenal","7","9","New player"
"Jurrien Timber","Arsenal","0","0","New player"
"David Raya","Arsenal","0","0","New player"
"Ollie Watkins","Aston Villa","19","13","Current player"
"Leon Bailey","Aston Villa","10","9","Current player"
"Douglas Luiz","Aston Villa","9","5","Current player"
"John McGinn","Aston Villa","6","4","Current player"
"Jhon Durán","Aston Villa","5","0","Current player"
"Matty Cash","Aston Villa","2","2","Current player"
"Álex Moreno","Aston Villa","2","0","Current player"
"Lucas Digne","Aston Villa","1","3","Current player"
"Jacob Ramsey","Aston Villa","1","1","Current player"
"Leander Dendoncker","Aston Villa","1","0","Current player"
"Ezri Konsa","Aston Villa","1","0","Current player"
"Boubacar Kamara","Aston Villa","0","1","Current player"
"Calum Chambers","Aston Villa","0","1","Current player"
"Emiliano Martínez","Aston Villa","0","0","Current player"
"Diego Carlos","Aston Villa","0","0","Current player"
"Philippe Coutinho","Aston Villa","0","0","Current player"
"Robin Olsen","Aston Villa","0","0","Current player"
"Tim Iroegbunam","Aston Villa","0","0","Current player"
"Bertrand Traoré","Aston Villa","0","0","Current player"
"Jaden Philogene","Aston Villa","0","0","Current player"
"Tyrone Mings","Aston Villa","0","0","Current player"
"Cameron Archer","Aston Villa","0","0","Current player"
"Moussa Diaby","Aston Villa","6","8","New player"
"Morgan Rogers","Aston Villa","3","1","New player"
"Youri Tielemans","Aston Villa","2","6","New player"
"Nicolò Zaniolo","Aston Villa","2","0","New player"
"Pau Torres","Aston Villa","2","0","New player"
"Leander Dendoncker","Aston Villa","1","0","New player"
"Clément Lenglet","Aston Villa","0","1","New player"
"Kaine Kesler-Hayden","Aston Villa","0","0","New player"
"Philippe Coutinho","Aston Villa","0","0","New player"
"Dominic Solanke","Bournemouth","19","3","Current player"
"Antoine Semenyo","Bournemouth","8","2","Current player"
"Marcos Senesi","Bournemouth","4","5","Current player"
"Marcus Tavernier","Bournemouth","3","4","Current player"
"Philip Billing","Bournemouth","2","2","Current player"
"Dango Ouattara","Bournemouth","1","2","Current player"
"David Brooks","Bournemouth","1","1","Current player"
"Kieffer Moore","Bournemouth","1","0","Current player"
"Ilya Zabarnyi","Bournemouth","1","0","Current player"
"Ryan Christie","Bournemouth","0","5","Current player"
"Lewis Cook","Bournemouth","0","3","Current player"
"Adam Smith","Bournemouth","0","2","Current player"
"Lloyd Kelly","Bournemouth","0","1","Current player"
"Chris Mepham","Bournemouth","0","1","Current player"
"Jaidon Anthony","Bournemouth","0","0","Current player"
"James Hill","Bournemouth","0","0","Current player"
"Hamed Junior Traoré","Bournemouth","0","0","Current player"
"Joe Rothwell","Bournemouth","0","0","Current player"
"Mark Travers","Bournemouth","0","0","Current player"
"Neto","Bournemouth","0","0","Current player"
"Justin Kluivert","Bournemouth","7","1","New player"
"Enes Ünal","Bournemouth","2","2","New player"
"Luis Sinisterra","Bournemouth","2","2","New player"
"David Brooks","Bournemouth","1","1","New player"
"Alex Scott","Bournemouth","1","1","New player"
"Kieffer Moore","Bournemouth","1","0","New player"
"Milos Kerkez","Bournemouth","0","1","New player"
"Max Aarons","Bournemouth","0","1","New player"
"Romain Faivre","Bournemouth","0","0","New player"
"Jaidon Anthony","Bournemouth","0","0","New player"
"Mark Travers","Bournemouth","0","0","New player"
"Joe Rothwell","Bournemouth","0","0","New player"
"Tyler Adams","Bournemouth","0","0","New player"
"James Hill","Bournemouth","0","0","New player"
"Andrei Radu","Bournemouth","0","0","New player"
"Hamed Junior Traoré","Bournemouth","0","0","New player"
"Yoane Wissa","Brentford","12","3","Current player"
"Bryan Mbeumo","Brentford","9","6","Current player"
"Neal Maupay","Brentford","6","3","Current player"
"Ivan Toney","Brentford","4","2","Current player"
"Mathias Jensen","Brentford","3","3","Current player"
"Keane Lewis-Potter","Brentford","3","1","Current player"
"Kristoffer Ajer","Brentford","2","1","Current player"
"Kevin Schade","Brentford","2","1","Current player"
"Christian Nørgaard","Brentford","2","1","Current player"
"Ethan Pinnock","Brentford","2","0","Current player"
"Ben Mee","Brentford","2","0","Current player"
"Vitaly Janelt","Brentford","1","3","Current player"
"Frank Onyeka","Brentford","1","2","Current player"
"Mads Roerslev","Brentford","1","2","Current player"
"Shandon Baptiste","Brentford","1","1","Current player"
"Zanka","Brentford","1","0","Current player"
"Saman Ghoddos","Brentford","1","0","Current player"
"Mikkel Damsgaard","Brentford","0","2","Current player"
"Rico Henry","Brentford","0","1","Current player"
"Thomas Strakosha","Brentford","0","0","Current player"
"Myles Peart-Harris","Brentford","0","0","Current player"
"Josh Dasilva","Brentford","0","0","Current player"
"Aaron Hickey","Brentford","0","0","Current player"
"Neal Maupay","Brentford","6","3","New player"
"Kevin Schade","Brentford","2","1","New player"
"Nathan Collins","Brentford","1","1","New player"
"Sergio Reguilón","Brentford","0","4","New player"
"Mark Flekken","Brentford","0","1","New player"
"Yegor Yarmolyuk","Brentford","0","0","New player"
"Myles Peart-Harris","Brentford","0","0","New player"
"Simon Adingra","Brighton","6","1","Current player"
"Evan Ferguson","Brighton","6","0","Current player"
"Danny Welbeck","Brighton","5","1","Current player"
"Pascal Groß","Brighton","4","10","Current player"
"Kaoru Mitoma","Brighton","3","4","Current player"
"Facundo Buonanotte","Brighton","3","1","Current player"
"Lewis Dunk","Brighton","3","1","Current player"
"Solly March","Brighton","3","1","Current player"
"Pervis Estupiñán","Brighton","2","3","Current player"
"Joël Veltman","Brighton","1","1","Current player"
"Tariq Lamptey","Brighton","0","3","Current player"
"Julio Enciso","Brighton","0","2","Current player"
"Billy Gilmour","Brighton","0","1","Current player"
"Adam Lallana","Brighton","0","1","Current player"
"Jason Steele","Brighton","0","0","Current player"
"Jakub Moder","Brighton","0","0","Current player"
"Jan Paul van Hecke","Brighton","0","0","Current player"
"Adam Webster","Brighton","0","0","Current player"
"João Pedro","Brighton","9","3","New player"
"Jack Hinshelwood","Brighton","3","0","New player"
"Ansu Fati","Brighton","2","0","New player"
"James Milner","Brighton","0","2","New player"
"Mahmoud Dahoud","Brighton","0","1","New player"
"Valentín Barco","Brighton","0","0","New player"
"Bart Verbruggen","Brighton","0","0","New player"
"Carlos Baleba","Brighton","0","0","New player"
"Igor","Brighton","0","0","New player"
"Lyle Foster","Burnley","5","3","Current player"
"Josh Brownhill","Burnley","4","2","Current player"
"Josh Cullen","Burnley","2","3","Current player"
"Jay Rodríguez","Burnley","2","1","Current player"
"Jóhann Berg Gudmundsson","Burnley","1","3","Current player"
"Charlie Taylor","Burnley","1","1","Current player"
"Ameen Al-Dakhil","Burnley","1","0","Current player"
"Vitinho","Burnley","0","2","Current player"
"Jordan Beyer","Burnley","0","1","Current player"
"Anass Zaroury","Burnley","0","0","Current player"
"Jack Cork","Burnley","0","0","Current player"
"Connor Roberts","Burnley","0","0","Current player"
"Benson Manuel","Burnley","0","0","Current player"
"Hjalmar Ekdal","Burnley","0","0","Current player"
"Michael Obafemi","Burnley","0","0","Current player"
"Arijanet Muric","Burnley","0","0","Current player"
"Jacob Bruun Larsen","Burnley","6","0","New player"
"Zeki Amdouni","Burnley","5","1","New player"
"David Datro Fofana","Burnley","4","1","New player"
"Dara O'Shea","Burnley","3","4","New player"
"Wilson Odobert","Burnley","3","3","New player"
"Lorenz Assignon","Burnley","1","2","New player"
"Sander Berge","Burnley","1","2","New player"
"Luca Koleosho","Burnley","1","1","New player"
"Jordan Beyer","Burnley","0","1","New player"
"Mike Trésor","Burnley","0","0","New player"
"Han-Noah Massengo","Burnley","0","0","New player"
"James Trafford","Burnley","0","0","New player"
"Aaron Ramsey","Burnley","0","0","New player"
"Michael Obafemi","Burnley","0","0","New player"
"Nathan Redmond","Burnley","0","0","New player"
"Anass Zaroury","Burnley","0","0","New player"
"Hannes Delcroix","Burnley","0","0","New player"
"Connor Roberts","Burnley","0","0","New player"
"Maxime Estève","Burnley","0","0","New player"
"Raheem Sterling","Chelsea","8","4","Current player"
"Conor Gallagher","Chelsea","5","7","Current player"
"Noni Madueke","Chelsea","5","2","Current player"
"Mykhaylo Mudryk","Chelsea","5","2","Current player"
"Enzo Fernández","Chelsea","3","2","Current player"
"Thiago Silva","Chelsea","3","1","Current player"
"Armando Broja","Chelsea","1","1","Current player"
"Carney Chukwuemeka","Chelsea","1","1","Current player"
"Levi Colwill","Chelsea","1","1","Current player"
"Trevoh Chalobah","Chelsea","1","0","Current player"
"Malo Gusto","Chelsea","0","6","Current player"
"Reece James","Chelsea","0","2","Current player"
"Marc Cucurella","Chelsea","0","2","Current player"
"Ben Chilwell","Chelsea","0","1","Current player"
"Benoît Badiashile","Chelsea","0","1","Current player"
"Cesare Casadei","Chelsea","0","0","Current player"
"Cole Palmer","Chelsea","22","11","New player"
"Nicolas Jackson","Chelsea","14","5","New player"
"Christopher Nkunku","Chelsea","3","0","New player"
"Axel Disasi","Chelsea","2","0","New player"
"Moisés Caicedo","Chelsea","1","3","New player"
"Armando Broja","Chelsea","1","1","New player"
"Alfie Gilchrist","Chelsea","1","0","New player"
"Lesley Ugochukwu","Chelsea","0","0","New player"
"Deivid Washington","Chelsea","0","0","New player"
"Roméo Lavia","Chelsea","0","0","New player"
"Ian Maatsen","Chelsea","0","0","New player"
"Robert Sánchez","Chelsea","0","0","New player"
"Djordje Petrovic","Chelsea","0","0","New player"
"Cesare Casadei","Chelsea","0","0","New player"
"Jean-Philippe Mateta","Crystal Palace","16","5","Current player"
"Eberechi Eze","Crystal Palace","11","4","Current player"
"Michael Olise","Crystal Palace","10","6","Current player"
"Odsonne Edouard","Crystal Palace","7","0","Current player"
"Jordan Ayew","Crystal Palace","4","7","Current player"
"Joachim Andersen","Crystal Palace","2","3","Current player"
"Tyrick Mitchell","Crystal Palace","2","3","Current player"
"Jeffrey Schlupp","Crystal Palace","2","2","Current player"
"Chris Richards","Crystal Palace","1","1","Current player"
"Marc Guéhi","Crystal Palace","0","1","Current player"
"Will Hughes","Crystal Palace","0","1","Current player"
"Joel Ward","Crystal Palace","0","1","Current player"
"Naouirou Ahamada","Crystal Palace","0","0","Current player"
"Sam Johnstone","Crystal Palace","0","0","Current player"
"Jairo Riedewald","Crystal Palace","0","0","Current player"
"Jesurun Rak-Sakyi","Crystal Palace","0","0","Current player"
"Remi Matthews","Crystal Palace","0","0","Current player"
"Nathaniel Clyne","Crystal Palace","0","0","Current player"
"Cheick Doucouré","Crystal Palace","0","0","Current player"
"James Tomkins","Crystal Palace","0","0","Current player"
"Jefferson Lerma","Crystal Palace","1","1","New player"
"Daniel Muñoz","Crystal Palace","0","4","New player"
"Adam Wharton","Crystal Palace","0","3","New player"
"Matheus França","Crystal Palace","0","1","New player"
"Dean Henderson","Crystal Palace","0","0","New player"
"Dominic Calvert-Lewin","Everton","7","2","Current player"
"Abdoulaye Doucouré","Everton","7","2","Current player"
"Idrissa Gueye","Everton","4","0","Current player"
"Dwight McNeil","Everton","3","6","Current player"
"Jarrad Branthwaite","Everton","3","1","Current player"
"Amadou Onana","Everton","2","0","Current player"
"Vitaliy Mykolenko","Everton","2","0","Current player"
"James Garner","Everton","1","2","Current player"
"James Tarkowski","Everton","1","1","Current player"
"Michael Keane","Everton","1","0","Current player"
"André Gomes","Everton","1","0","Current player"
"Nathan Patterson","Everton","0","2","Current player"
"Neal Maupay","Everton","0","0","Current player"
"Jordan Pickford","Everton","0","0","Current player"
"Ben Godfrey","Everton","0","0","Current player"
"Alex Iwobi","Everton","0","0","Current player"
"Jack Harrison","Everton","3","3","New player"
"Beto","Everton","3","0","New player"
"Lewis Dobbin","Everton","1","0","New player"
"Arnaut Danjuma","Everton","1","0","New player"
"Ashley Young","Everton","0","0","New player"
"Tom Cannon","Everton","0","0","New player"
"Chermiti","Everton","0","0","New player"
"Neal Maupay","Everton","0","0","New player"
"Rodrigo Muniz","Fulham","9","1","Current player"
"Bobby De Cordova-Reid","Fulham","6","2","Current player"
"Harry Wilson","Fulham","4","6","Current player"
"Willian","Fulham","4","2","Current player"
"João Palhinha","Fulham","4","1","Current player"
"Andreas Pereira","Fulham","3","7","Current player"
"Carlos Vinícius","Fulham","2","0","Current player"
"Tosin Adarabioyo","Fulham","2","0","Current player"
"Tom Cairney","Fulham","1","4","Current player"
"Saša Lukić","Fulham","1","0","Current player"
"Kenny Tete","Fulham","1","0","Current player"
"Tim Ream","Fulham","1","0","Current player"
"Antonee Robinson","Fulham","0","6","Current player"
"Harrison Reed","Fulham","0","2","Current player"
"Aleksandar Mitrović","Fulham","0","0","Current player"
"Bernd Leno","Fulham","0","0","Current player"
"Issa Diop","Fulham","0","0","Current player"
"Raúl Jiménez","Fulham","7","0","New player"
"Alex Iwobi","Fulham","5","2","New player"
"Adama Traoré","Fulham","2","3","New player"
"Carlos Vinícius","Fulham","2","0","New player"
"Timothy Castagne","Fulham","1","3","New player"
"Calvin Bassey","Fulham","1","0","New player"
"Armando Broja","Fulham","0","1","New player"
"Fodé Ballo-Touré","Fulham","0","0","New player"
"Luke Harris","Fulham","0","0","New player"
"Mohamed Salah","Liverpool","18","10","Current player"
"Darwin Núñez","Liverpool","11","8","Current player"
"Diogo Jota","Liverpool","10","3","Current player"
"Cody Gakpo","Liverpool","8","5","Current player"
"Luis Díaz","Liverpool","8","5","Current player"
"Harvey Elliott","Liverpool","3","6","Current player"
"Trent Alexander-Arnold","Liverpool","3","4","Current player"
"Andrew Robertson","Liverpool","3","2","Current player"
"Virgil van Dijk","Liverpool","2","2","Current player"
"Curtis Jones","Liverpool","1","1","Current player"
"Konstantinos Tsimikas","Liverpool","0","3","Current player"
"Joe Gomez","Liverpool","0","1","Current player"
"Thiago Alcántara","Liverpool","0","0","Current player"
"Caoimhín Kelleher","Liverpool","0","0","Current player"
"Stefan Bajcetic","Liverpool","0","0","Current player"
"Joel Matip","Liverpool","0","0","Current player"
"Alisson","Liverpool","0","0","Current player"
"Ibrahima Konaté","Liverpool","0","0","Current player"
"Alexis Mac Allister","Liverpool","5","5","New player"
"Dominik Szoboszlai","Liverpool","3","2","New player"
"Jarell Quansah","Liverpool","2","0","New player"
"Conor Bradley","Liverpool","1","3","New player"
"Wataru Endo","Liverpool","1","0","New player"
"Ryan Gravenberch","Liverpool","1","0","New player"
"Ben Doak","Liverpool","0","0","New player"
"Carlton Morris","Luton","11","4","Current player"
"Elijah Adebayo","Luton","10","0","Current player"
"Alfie Doughty","Luton","2","8","Current player"
"Luke Berry","Luton","2","1","Current player"
"Gabriel Osho","Luton","2","0","Current player"
"Cauley Woodrow","Luton","1","1","Current player"
"Tom Lockyer","Luton","1","1","Current player"
"Jordan Clark","Luton","1","1","Current player"
"Reece Burke","Luton","0","4","Current player"
"Marvelous Nakamba","Luton","0","0","Current player"
"Fred Onyedinma","Luton","0","0","Current player"
"James Shea","Luton","0","0","Current player"
"Pelly Ruddock Mpanzu","Luton","0","0","Current player"
"Amari'i Bell","Luton","0","0","Current player"
"Ross Barkley","Luton","5","4","New player"
"Chiedozie Ogbene","Luton","4","1","New player"
"Tahith Chong","Luton","4","0","New player"
"Jacob Brown","Luton","2","0","New player"
"Albert Sambi Lokonga","Luton","1","3","New player"
"Andros Townsend","Luton","1","3","New player"
"Teden Mengi","Luton","1","0","New player"
"Mads Andersen","Luton","1","0","New player"
"Issa Kaboré","Luton","0","2","New player"
"Marvelous Nakamba","Luton","0","0","New player"
"Thomas Kaminski","Luton","0","0","New player"
"Daiki Hashioka","Luton","0","0","New player"
"Fred Onyedinma","Luton","0","0","New player"
"Ryan Giles","Luton","0","0","New player"
"Erling Haaland","Man City","27","4","Current player"
"Phil Foden","Man City","19","8","Current player"
"Julián Alvarez","Man City","11","9","Current player"
"Rodri","Man City","8","9","Current player"
"Bernardo Silva","Man City","6","9","Current player"
"Kevin De Bruyne","Man City","4","10","Current player"
"Jack Grealish","Man City","3","1","Current player"
"Nathan Aké","Man City","2","2","Current player"
"Rico Lewis","Man City","2","0","Current player"
"Manuel Akanji","Man City","2","0","Current player"
"John Stones","Man City","1","0","Current player"
"Kyle Walker","Man City","0","4","Current player"
"Sergio Gómez","Man City","0","1","Current player"
"Ederson","Man City","0","0","Current player"
"Cole Palmer","Man City","0","0","Current player"
"Aymeric Laporte","Man City","0","0","Current player"
"Stefan Ortega","Man City","0","0","Current player"
"Rúben Dias","Man City","0","0","Current player"
"Kalvin Phillips","Man City","0","0","Current player"
"Josko Gvardiol","Man City","4","2","New player"
"Jérémy Doku","Man City","3","10","New player"
"Oscar Bobb","Man City","1","1","New player"
"Mateo Kovacic","Man City","1","0","New player"
"Matheus Nunes","Man City","0","2","New player"
"Kalvin Phillips","Man City","0","0","New player"
"James McAtee","Man City","0","0","New player"
"Bruno Fernandes","Man Utd","10","8","Current player"
"Alejandro Garnacho","Man Utd","7","4","Current player"
"Marcus Rashford","Man Utd","7","3","Current player"
"Scott McTominay","Man Utd","7","1","Current player"
"Kobbie Mainoo","Man Utd","3","1","Current player"
"Diogo Dalot","Man Utd","2","3","Current player"
"Harry Maguire","Man Utd","2","3","Current player"
"Christian Eriksen","Man Utd","1","2","Current player"
"Casemiro","Man Utd","1","2","Current player"
"Amad Diallo","Man Utd","1","1","Current player"
"Victor Lindelöf","Man Utd","1","1","Current player"
"Antony","Man Utd","1","1","Current player"
"Hannibal","Man Utd","1","0","Current player"
"Anthony Martial","Man Utd","1","0","Current player"
"Raphaël Varane","Man Utd","1","0","Current player"
"Aaron Wan-Bissaka","Man Utd","0","2","Current player"
"Lisandro Martínez","Man Utd","0","1","Current player"
"Facundo Pellistri","Man Utd","0","1","Current player"
"Jadon Sancho","Man Utd","0","0","Current player"
"Donny van de Beek","Man Utd","0","0","Current player"
"Luke Shaw","Man Utd","0","0","Current player"
"Rasmus Højlund","Man Utd","10","2","New player"
"Hannibal","Man Utd","1","0","New player"
"Mason Mount","Man Utd","1","0","New player"
"Jonny Evans","Man Utd","0","1","New player"
"Omari Forson","Man Utd","0","1","New player"
"Facundo Pellistri","Man Utd","0","1","New player"
"Sergio Reguilón","Man Utd","0","0","New player"
"André Onana","Man Utd","0","0","New player"
"Donny van de Beek","Man Utd","0","0","New player"
"Daniel Gore","Man Utd","0","0","New player"
"Jadon Sancho","Man Utd","0","0","New player"
"Sofyan Amrabat","Man Utd","0","0","New player"
"Willy Kambwala","Man Utd","0","0","New player"
"Alexander Isak","Newcastle","21","2","Current player"
"Anthony Gordon","Newcastle","11","10","Current player"
"Callum Wilson","Newcastle","9","1","Current player"
"Bruno Guimarães","Newcastle","7","8","Current player"
"Sean Longstaff","Newcastle","6","2","Current player"
"Fabian Schär","Newcastle","4","1","Current player"
"Jacob Murphy","Newcastle","3","7","Current player"
"Miguel Almirón","Newcastle","3","1","Current player"
"Dan Burn","Newcastle","2","2","Current player"
"Sven Botman","Newcastle","2","2","Current player"
"Joelinton","Newcastle","2","1","Current player"
"Kieran Trippier","Newcastle","1","10","Current player"
"Jamaal Lascelles","Newcastle","1","0","Current player"
"Matt Ritchie","Newcastle","1","0","Current player"
"Joe Willock","Newcastle","1","0","Current player"
"Elliot Anderson","Newcastle","0","2","Current player"
"Paul Dummett","Newcastle","0","0","Current player"
"Martin Dúbravka","Newcastle","0","0","Current player"
"Nick Pope","Newcastle","0","0","Current player"
"Loris Karius","Newcastle","0","0","Current player"
"Matt Targett","Newcastle","0","0","Current player"
"Emil Krafth","Newcastle","0","0","Current player"
"Harvey Barnes","Newcastle","5","3","New player"
"Lewis Miley","Newcastle","1","3","New player"
"Lewis Hall","Newcastle","1","0","New player"
"Tino Livramento","Newcastle","1","0","New player"
"Sandro Tonali","Newcastle","1","0","New player"
"Joe White","Newcastle","0","0","New player"
"Chris Wood","Nottm Forest","14","1","Current player"
"Taiwo Awoniyi","Nottm Forest","6","3","Current player"
"Morgan Gibbs-White","Nottm Forest","5","10","Current player"
"Danilo","Nottm Forest","2","2","Current player"
"Willy Boly","Nottm Forest","2","1","Current player"
"Harry Toffolo","Nottm Forest","1","3","Current player"
"Ryan Yates","Nottm Forest","1","1","Current player"
"Moussa Niakhaté","Nottm Forest","1","0","Current player"
"Orel Mangala","Nottm Forest","1","0","Current player"
"Serge Aurier","Nottm Forest","0","2","Current player"
"Neco Williams","Nottm Forest","0","1","Current player"
"Joe Worrall","Nottm Forest","0","0","Current player"
"Scott McKenna","Nottm Forest","0","0","Current player"
"Brandon Aguilera","Nottm Forest","0","0","Current player"
"Brennan Johnson","Nottm Forest","0","0","Current player"
"Cheikhou Kouyaté","Nottm Forest","0","0","Current player"
"Felipe","Nottm Forest","0","0","Current player"
"Chris Wood","Nottm Forest","14","1","New player"
"Callum Hudson-Odoi","Nottm Forest","8","1","New player"
"Anthony Elanga","Nottm Forest","5","9","New player"
"Nicolás Domínguez","Nottm Forest","2","2","New player"
"Ola Aina","Nottm Forest","1","1","New player"
"Orel Mangala","Nottm Forest","1","0","New player"
"Murillo","Nottm Forest","0","2","New player"
"Gonzalo Montiel","Nottm Forest","0","2","New player"
"Divock Origi","Nottm Forest","0","1","New player"
"Giovanni Reyna","Nottm Forest","0","1","New player"
"Brandon Aguilera","Nottm Forest","0","0","New player"
"Ibrahim Sangaré","Nottm Forest","0","0","New player"
"Scott McKenna","Nottm Forest","0","0","New player"
"Joe Worrall","Nottm Forest","0","0","New player"
"Matt Turner","Nottm Forest","0","0","New player"
"Nuno Tavares","Nottm Forest","0","0","New player"
"Andrew Omobamidele","Nottm Forest","0","0","New player"
"Matz Sels","Nottm Forest","0","0","New player"
"Rodrigo Ribeiro","Nottm Forest","0","0","New player"
"Andrey Santos","Nottm Forest","0","0","New player"
"Odysseas Vlachodimos","Nottm Forest","0","0","New player"
"Oli McBurnie","Sheff Utd","6","3","Current player"
"James McAtee","Sheff Utd","3","3","Current player"
"Jayden Bogle","Sheff Utd","3","0","Current player"
"Anel Ahmedhodzic","Sheff Utd","2","0","Current player"
"Jack Robinson","Sheff Utd","1","1","Current player"
"Oliver Norwood","Sheff Utd","1","0","Current player"
"Ben Osborn","Sheff Utd","0","2","Current player"
"Max Lowe","Sheff Utd","0","1","Current player"
"George Baldock","Sheff Utd","0","1","Current player"
"Rhys Norrington-Davies","Sheff Utd","0","0","Current player"
"Chris Basham","Sheff Utd","0","0","Current player"
"Wes Foderingham","Sheff Utd","0","0","Current player"
"John Egan","Sheff Utd","0","0","Current player"
"William Osula","Sheff Utd","0","0","Current player"
"Daniel Jebbison","Sheff Utd","0","0","Current player"
"Rhian Brewster","Sheff Utd","0","0","Current player"
"John Fleck","Sheff Utd","0","0","Current player"
"Ben Brereton Díaz","Sheff Utd","6","1","New player"
"Gustavo Hamer","Sheff Utd","4","6","New player"
"Cameron Archer","Sheff Utd","4","1","New player"
"James McAtee","Sheff Utd","3","3","New player"
"Vini Souza","Sheff Utd","1","0","New player"
"Oliver Arblaster","Sheff Utd","0","0","New player"
"Anis Slimane","Sheff Utd","0","0","New player"
"Ivo Grbic","Sheff Utd","0","0","New player"
"Yasser Larouci","Sheff Utd","0","0","New player"
"Auston Trusty","Sheff Utd","0","0","New player"
"Mason Holgate","Sheff Utd","0","0","New player"
"Andre Brooks","Sheff Utd","0","0","New player"
"Tom Davies","Sheff Utd","0","0","New player"
"Bénie Traoré","Sheff Utd","0","0","New player"
"Luke Thomas","Sheff Utd","0","0","New player"
"Heung-min Son","Tottenham","17","10","Current player"
"Richarlison","Tottenham","11","4","Current player"
"Dejan Kulusevski","Tottenham","8","3","Current player"
"Cristian Romero","Tottenham","5","0","Current player"
"Pedro Porro","Tottenham","3","7","Current player"
"Pape Matar Sarr","Tottenham","3","3","Current player"
"Destiny Udogie","Tottenham","2","3","Current player"
"Giovani Lo Celso","Tottenham","2","2","Current player"
"Rodrigo Bentancur","Tottenham","1","1","Current player"
"Ben Davies","Tottenham","1","0","Current player"
"Emerson Royal","Tottenham","1","0","Current player"
"Ivan Perisic","Tottenham","0","1","Current player"
"Oliver Skipp","Tottenham","0","0","Current player"
"Pierre-Emile Højbjerg","Tottenham","0","0","Current player"
"Bryan Gil","Tottenham","0","0","Current player"
"Davinson Sánchez","Tottenham","0","0","Current player"
"Yves Bissouma","Tottenham","0","0","Current player"
"Eric Dier","Tottenham","0","0","Current player"
"Dejan Kulusevski","Tottenham","8","3","New player"
"Brennan Johnson","Tottenham","5","10","New player"
"James Maddison","Tottenham","4","9","New player"
"Pedro Porro","Tottenham","3","7","New player"
"Micky van de Ven","Tottenham","3","0","New player"
"Timo Werner","Tottenham","2","3","New player"
"Alejo Veliz","Tottenham","1","0","New player"
"Manor Solomon","Tottenham","0","2","New player"
"Ivan Perisic","Tottenham","0","1","New player"
"Guglielmo Vicario","Tottenham","0","0","New player"
"Eric Dier","Tottenham","0","0","New player"
"Radu Drăgușin","Tottenham","0","0","New player"
"Jarrod Bowen","West Ham","16","6","Current player"
"Tomas Soucek","West Ham","7","2","Current player"
"Michail Antonio","West Ham","6","2","Current player"
"Lucas Paquetá","West Ham","4","6","Current player"
"Kurt Zouma","West Ham","3","0","Current player"
"Emerson","West Ham","1","2","Current player"
"Maxwel Cornet","West Ham","1","0","Current player"
"Danny Ings","West Ham","1","0","Current player"
"Nayef Aguerd","West Ham","1","0","Current player"
"Vladimír Coufal","West Ham","0","7","Current player"
"Saïd Benrahma","West Ham","0","1","Current player"
"Lukasz Fabianski","West Ham","0","0","Current player"
"Alphonse Areola","West Ham","0","0","Current player"
"Ben Johnson","West Ham","0","0","Current player"
"Angelo Ogbonna","West Ham","0","0","Current player"
"Thilo Kehrer","West Ham","0","0","Current player"
"Aaron Cresswell","West Ham","0","0","Current player"
"Pablo Fornals","West Ham","0","0","Current player"
"Mohammed Kudus","West Ham","8","6","New player"
"James Ward-Prowse","West Ham","7","7","New player"
"Edson Álvarez","West Ham","1","1","New player"
"Konstantinos Mavropanos","West Ham","1","0","New player"
"Saïd Benrahma","West Ham","0","1","New player"
"Divin Mubama","West Ham","0","0","New player"
"Thilo Kehrer","West Ham","0","0","New player"
"Kalvin Phillips","West Ham","0","0","New player"
"Matheus Cunha","Wolves","12","7","Current player"
"Hee-chan Hwang","Wolves","12","3","Current player"
"Pablo Sarabia","Wolves","4","7","Current player"
"Mario Lemina","Wolves","4","1","Current player"
"Pedro Neto","Wolves","2","9","Current player"
"Rayan Aït-Nouri","Wolves","2","1","Current player"
"João Gomes","Wolves","2","1","Current player"
"Maximilian Kilman","Wolves","2","0","Current player"
"Sasa Kalajdzic","Wolves","2","0","Current player"
"Toti","Wolves","1","3","Current player"
"Craig Dawson","Wolves","1","1","Current player"
"Matt Doherty","Wolves","1","0","Current player"
"Nélson Semedo","Wolves","0","1","Current player"
"José Sá","Wolves","0","0","Current player"
"Daniel Bentley","Wolves","0","0","Current player"
"Fábio Silva","Wolves","0","0","Current player"
"Boubacar Traoré","Wolves","0","0","Current player"
"Hugo Bueno","Wolves","0","0","Current player"
"Jonny Otto","Wolves","0","0","Current player"
"Matheus Nunes","Wolves","0","0","Current player"
"Matheus Cunha","Wolves","12","7","New player"
"Jean-Ricner Bellegarde","Wolves","2","1","New player"
"Sasa Kalajdzic","Wolves","2","0","New player"
"Matt Doherty","Wolves","1","0","New player"
"Boubacar Traoré","Wolves","0","0","New player"
"Fábio Silva","Wolves","0","0","New player"
"Enso González","Wolves","0","0","New player"
"Nathan Fraser","Wolves","0","0","New player"
"Santiago Bueno","Wolves","0","0","New player"
"Tommy Doyle","Wolves","0","0","New player"
